{"frame_version":1,"dial_version":1,"name":"func6_pink","dial_type":6,"resolution_ratio":"368x448","platform":"ats3085c","size":320,"describe_name":"MoveMate","preview":"preview_0565.bmp","item":[{"widget":"icon","type":"background","serial_number":30,"x":0,"y":0,"w":368,"h":448,"picture":"bg_8888.png"},{"widget":"array","type":"week","serial_number":11,"x":285,"y":145,"w":54,"h":24,"count":7,"color":"#010101","array_img":"Week"},{"widget":"text","type":"day","serial_number":3,"x":247,"y":145,"w":28,"h":24,"fontnum":10,"font":"Date","enable_font":0,"min_numwidth":2,"color":"#010101","align":"center"},{"widget":"array","type":"month","serial_number":2,"x":209,"y":145,"w":28,"h":24,"count":12,"color":"#010101","array_img":"Month"},{"widget":"icon","type":"other","serial_number":39,"x":237,"y":145,"w":10,"h":24,"color":"#010101","picture":"Date_10_8888.png"},{"widget":"text","type":"hour","serial_number":4,"x":30,"y":50,"w":160,"h":120,"fontnum":10,"font":"Hours","enable_font":0,"min_numwidth":2,"color":"#010101","align":"center"},{"widget":"text","type":"min","serial_number":5,"x":214,"y":55,"w":112,"h":76,"fontnum":10,"font":"Minutes","min_numwidth":2,"enable_font":0,"color":"#010101","align":"center"},{"widget":"icon","type":"other","serial_number":39,"x":24,"y":200,"w":320,"h":102,"color":"#010101","picture":"rectangle_8888.png"},{"widget":"icon","type":"other","serial_number":39,"x":40,"y":216,"w":40,"h":40,"color":"#010101","picture":"step_8888.png"},{"widget":"text","type":"step","serial_number":18,"x":88,"y":216,"w":160,"h":40,"fontnum":11,"font":"Data","unit_count":10,"enable_font":0,"min_numwidth":1,"color":"#010101","align":"left"},{"widget":"array","type":"step","serial_number":18,"x":44,"y":272,"w":282,"h":10,"count":11,"color":"#010101","array_img":"Progress"},{"widget":"icon","type":"heart","serial_number":21,"x":24,"y":326,"w":88,"h":88,"enable_click":1,"color":"#010101","picture":"heart_8888.png"},{"widget":"icon","type":"sleep","serial_number":38,"x":140,"y":326,"w":88,"h":88,"enable_click":1,"color":"#010101","picture":"sleep_8888.png"},{"widget":"icon","type":"sport","serial_number":35,"x":256,"y":326,"w":88,"h":88,"enable_click":1,"color":"#010101","picture":"sport_8888.png"}],"fade_item":[{"widget":"array","type":"week","serial_number":11,"x":285,"y":259,"w":54,"h":24,"count":7,"color":"#FF84A1","array_img":"Week"},{"widget":"text","type":"day","serial_number":3,"x":247,"y":259,"w":28,"h":24,"fontnum":10,"font":"Date","enable_font":0,"min_numwidth":2,"color":"#FF84A1","align":"center"},{"widget":"array","type":"month","serial_number":2,"x":209,"y":259,"w":28,"h":24,"count":12,"color":"#FF84A1","array_img":"Month"},{"widget":"icon","type":"other","serial_number":39,"x":237,"y":259,"w":10,"h":24,"color":"#FF84A1","picture":"Date_10_8888.png"},{"widget":"text","type":"hour","serial_number":4,"x":30,"y":164,"w":160,"h":120,"fontnum":10,"font":"Hours","enable_font":0,"min_numwidth":2,"color":"#FF84A1","align":"center"},{"widget":"text","type":"min","serial_number":5,"x":214,"y":169,"w":112,"h":76,"fontnum":10,"font":"Minutes","min_numwidth":2,"enable_font":0,"color":"#FF84A1","align":"center"}]}