{
  "item": [
	  {
      "name": "Data",
      "format": "png"
    },
    {
      "name": "Date",
      "format": "png"
    },
    {
      "name": "Hours",
      "format": "png"
    },
    {
      "name": "Minutes",
      "format": "png"
    },
    {
      "name": "Progress",
      "format": "png"
    },
    {
      "name": "Week",
      "format": "png"
    },
    {
      "name": "Month",
      "format": "png"
    }
    ],
	"fade_item": [
	  {
      "name": "Hours",
      "format": "png"
    },
  {
      "name": "Minutes",
      "format": "png"
    },
    {
      "name": "Data",
      "format": "png"
    },
    {
      "name": "Date",
      "format": "png"
    },
    {
      "name": "Month",
      "format": "png"
    }
	]
 }
  