{
	"frame_version": 6,
	"dial_version": 7,
	"name": "CASIO01_01",
	"preview": "preview_0565.bmp",
	"dial_type": 6,
	"resolution_ratio": "368x448",
	"platform": "ats3085c",
	"size": 218,
	"describe_name":"Sports Tracker",
	"enable_pic_compress": 0,
	"app_preview": "app_preview.png",
	"item": [
		{
			"widget": "icon",
			"type": "background",
			"serial_number" : 30,
			"x": 0,
			"y": 0,
			"w": 368,
			"h": 448,
			"picture": "bg_8888.png"
		},
		{
			"widget": "array",
			"type": "week",
			"x": 32,
			"y": 325,
			"w": 48,
			"h": 16,
			"count": 7,
			"array_img": "Week" 
		},
		{
			"widget": "text",
			"type": "time", 
			"serial_number" : 13,
			"x": 138,
			"y": 316,
			"w": 196,
			"h": 66,
			"fontnum": 11,
			"font": "Time",
			"unit_count": 10,
			"enable_font": 0,
			"min_numwidth": 2,
			"align": "center"
		},
        {
			"widget": "text",
			"type": "day",
			"serial_number" : 3,
			"x": 215,
			"y": 217,
			"w": 40,
			"h": 24,
			"fontnum": 10,
			"font": "Day",
			"enable_font": 0,
			"min_numwidth": 2,
			"align": "center"
		},
		{
			"widget": "text",
			"type": "step",
			"serial_number" : 18,
			"x": 72,
			"y": 92,
			"w": 80,
			"h": 28,
			"fontnum": 10,
			"font": "Data",
			"enable_font": 0,
			"align": "left"
		},
		{
			"widget": "array",
			"type": "month",
			"x": 267,
			"y": 217,
			"w": 64,
			"h": 24,
			"count": 12,
			"array_img": "Month" 
		},
		{
			"widget": "array",
			"type": "apm",
			"x": 88,
			"y": 316,
			"w": 42,
			"h": 72,
			"count": 3,
			"array_img": "Apm" 
		},
		{
			"widget": "text",
			"type": "distance",
			"serial_number" : 19,
			"x": 72,
			"y": 134,
			"w": 70,
			"h": 28,
			"fontnum": 11,
			"font": "Data",
			"unit_count": 10,
			"enable_font": 0,
			"min_numwidth": 2,
			"align": "right"
		},
		{
			"widget": "array",
			"type": "units",
			"x": 142,
			"y": 134,
			"w": 32,
			"h": 28,
			"count": 2,
			"array_img": "Units" 
		},
		{
			"widget": "text",
			"type": "calorie",
			"serial_number" : 20,
			"x": 72,
			"y": 176,
			"w": 64,
			"h": 28,
			"fontnum": 10,
			"font": "Data",
			"enable_font": 0,
			"min_numwidth": 1,
			"align": "left"
		},
		{
			"widget": "text",
			"type": "sleep",
			"serial_number" : 38,
			"x": 72,
			"y": 218,
			"w": 82,
			"h": 28,
			"fontnum": 13,
			"font": "Data",
			"unit_count": 12,
			"unit_data": 11,
			"enable_font": 0,
			"min_numwidth": 2,
			"align": "left"
		},
		{
			"widget": "array",
			"type": "batarray",
			"x": 59,
			"y": 299,
			"w": 277,
			"h": 8,
			"count": 11,
			"array_img": "Electricity" 
		}, 
		{
			"widget": "array",
			"type": "step",
			"x": 213,
			"y": 41,
			"w": 120,
			"h": 120,
			"count": 11,
			"array_img": "Steps" 
		}
	],
	"fade_item": [
		{
			"widget": "icon",
			"type": "other",
			"x": 20,
			"y": 174,
			"w": 328,
			"h": 100,
			"picture": "BG_Dark_8888.png"
		},
		{
			"widget": "text",
			"type": "time", 
			"serial_number" : 13,
			"x": 138,
			"y": 192,
			"w": 196,
			"h": 66,
			"fontnum": 11,
			"font": "Time",
			"unit_count": 10,
			"enable_font": 0,
			"min_numwidth": 2,
			"align": "center"
		},
		{
			"widget": "array",
			"type": "apm",
			"x": 88,
			"y": 192,
			"w": 42,
			"h": 72,
			"count": 3,
			"array_img": "Apm" 
		},
		{
			"widget": "array",
			"type": "week",
			"x": 32,
			"y": 201,
			"w": 48,
			"h": 16,
			"count": 7,
			"array_img": "Week" 
		}
	]
}
