{
  "item": [
	  {
      "name": "Data",
      "format": "png"
    },
    {
      "name": "Day",
      "format": "png"
    },
    {
      "name": "Time",
      "format": "png"
    },
    {
      "name": "Apm",
      "format": "png"
    },
    {
      "name": "Electricity",
      "format": "png"
    },
    {
      "name": "Month",
      "format": "png"
    },
    {
      "name": "Steps",
      "format": "png"
    },
    {
      "name": "Units",
      "format": "png"
    },
    {
      "name": "Week",
      "format": "png"
    }
    ],
	"fade_item": [
    {
      "name": "Time",
      "format": "png"
    },
    {
      "name": "Apm",
      "format": "png"
    },
    {
      "name": "Week",
      "format": "png"
    }
	]
 }
  