{
	"frame_version": 6,
	"dial_version": 7,
	"name": "acti06_2",
	"preview": "preview_0565.bmp",
	"dial_type": 6,
	"resolution_ratio": "368x448",
	"platform": "ats3085c",
	"size": 96,
	"describe_name":"MoveMate",
	"enable_pic_compress": 0,
	"app_preview": "app_preview.png",
	"item": [
		{
			"widget": "array",
			"type": "week",
			"serial_number" : 11, 
			"x": 229,
			"y": 376,
			"w": 98,
			"h": 40,
			"count": 7,
			"color": "#FFFFFF",
			"array_img": "Week" 
		},
		{
			"widget": "text",
			"type": "date",
			"serial_number" : 12,
			"x": 109,
			"y": 376,
			"w": 104,
			"h": 40,
			"fontnum": 11,
			"font": "Date",
			"enable_font": 0,
			"unit_count": 10,
			"min_numwidth": 2,
			"color": "#FFFFFF",
			"align": "center"
		},
        {
			"widget": "text",
			"type": "hour",
			"serial_number" : 4,
			"x": 109,
			"y": 31,
			"w": 240,
			"h": 156,
			"fontnum": 10,
			"font": "Time",
			"enable_font": 0,
			"min_numwidth": 2,
			"color": "#FFFFFF",
			"align": "center"
		},
		{
			"widget": "text",
			"type": "min",
			"serial_number" : 5,
			"x": 109,
			"y": 201,
			"w": 240,
			"h": 156,
			"fontnum": 10,
			"font": "Time",
			"min_numwidth": 2,
			"enable_font": 0,
			"display_opa": 50,
			"color": "#FFFFFF",
			"align": "center"
		},
		{
			"widget": "icon",
			"type": "other",
			"serial_number" : 39,
			"x": 24,
			"y": 176,
			"w": 64,
			"h": 64,
			"color": "#FFFFFF",
			"picture": "step_8888.png"
		},
		{
			"widget": "arc",
			"type": "step",
			"serial_number" : 18,
			"x": 24,
			"y": 176,
			"w": 64,
			"h": 64,
			"start_angle": 0,
			"end_angle": 360,
			"bgcolor": "0",
			"color": "#FFFFFF",
			"radius": 6,
			"arc_width": 6
		},
		{
			"widget": "text",
			"type": "step",
			"serial_number" : 18,
			"x": 12,
			"y": 252,
			"w": 88,
			"h": 24,
			"fontnum": 11,
			"font": "Data",
			"unit_count": 10,
			"enable_font": 0,
			"min_numwidth": 1,
			"color": "#FFFFFF",
			"align": "center"
		},
		{
			"widget": "icon",
			"type": "other",
			"serial_number" : 39,
			"x": 24,
			"y": 44,
			"w": 64,
			"h": 64,
			"color": "#FFFFFF",
			"picture": "Batteries_8888.png"
		},
		{
			"widget": "arc",
			"type": "battery",
			"serial_number" : 15,
			"x": 24,
			"y": 44,
			"w": 64,
			"h": 64,
			"start_angle": 0,
			"end_angle": 360,
			"bgcolor": "0",
			"color": "#FFFFFF",
			"radius": 6,
			"arc_width": 6
		},
		{
			"widget": "text",
			"type": "battery",
			"serial_number" : 15,
			"x": 22,
			"y": 120,
			"w": 68,
			"h": 24,
			"fontnum": 12,
			"font": "Data",
			"unit_count": 11,
			"enable_font": 0,
			"min_numwidth": 1,
			"color": "#FFFFFF",
			"align": "center"
		},
		{
			"widget": "icon",
			"type": "other",
			"serial_number" : 39,
			"x": 24,
			"y": 308,
			"w": 64,
			"h": 64,
			"color": "#FFFFFF",
			"picture": "Calories_8888.png"
		},
		{
			"widget": "arc",
			"type": "calorie",
			"serial_number" : 20,
			"x": 24,
			"y": 308,
			"w": 64,
			"h": 64,
			"start_angle": 0,
			"end_angle": 360,
			"bgcolor": "0",
			"color": "#FFFFFF",
			"radius": 6,
			"arc_width": 6
		},
		{
			"widget": "text",
			"type": "calorie",
			"serial_number" : 20,
			"x": 24,
			"y": 384,
			"w": 64,
			"h": 24,
			"fontnum": 10,
			"font": "Data",
			"enable_font": 0,
			"min_numwidth": 1,
			"color": "#FFFFFF",
			"align": "center"
		}
	],
	"fade_item": [
        {
			"widget": "text",
			"type": "hour",
			"serial_number" : 4,
			"x": 109,
			"y": 31,
			"w": 240,
			"h": 156,
			"fontnum": 10,
			"font": "Time",
			"enable_font": 0,
			"min_numwidth": 2,
			"color": "#FFFFFF",
			"align": "center"
		},
		{
			"widget": "text",
			"type": "min",
			"serial_number" : 5,
			"x": 109,
			"y": 201,
			"w": 240,
			"h": 156,
			"fontnum": 10,
			"font": "Time",
			"min_numwidth": 2,
			"enable_font": 0,
			"display_opa": 50,
			"color": "#000000",
			"align": "center"
		}
	]
}
