{
 "frame_version":1,
  "dial_version":1,
  "name": "video",
  "preview":"preview_0565.bmp",
  "dial_type":9,
  "resolution_ratio":"480x480",
  "platform":"ats3085s",
  "size":300,
  "compress_size":0,
  "enable_pic_compress":0,
  "describe_name":"video",
	"item": [
		{
			"widget": "animal",
			"type": "other",
			"x": 0,
			"y": 0,
			"w": 480,
			"h": 480,
			"anim_img":"Ani",
			"frame":25,
			"duration":2000,
			"repeat_count":255
		},
		{
			"widget": "text",
			"type" : "day",
			"serial_number":3,
			"x": 266,
			"y": 56,
			"w": 48,
			"h": 30,
			"fontnum":10,
			"font":"Date",
			"enable_font":0,
			"min_numwidth":2,
			"align":"center",
            "color":"#D6B48C"
		},
		{
			"widget": "array",
			"type" : "week",
			"serial_number":11,
			"x": 166,
			"y": 56,
			"w": 92,
			"h": 30,
			"count":7,
			"array_img":"Week",
			"enable_font":0,
			"min_numwidth":2,
			"align":"center",
            "color":"#D6B48C"
		},
		{
			"widget": "text",
			"type" : "time",
			"serial_number":13,
			"x": 133,
			"y": 104,
			"w": 214,
			"h": 60,
			"fontnum":11,
			"font":"Time",
			"enable_font":0,
			"min_numwidth":2,
			"align":"center",
            "color":"#D6B48C"
		}
	],
	"fade_item": [
		{
			"widget": "text",
			"type" : "time",
			"serial_number":13,
			"x": 133,
			"y": 104,
			"w": 214,
			"h": 60,
			"fontnum":11,
			"font":"Fade_Time",
			"enable_font":0,
			"min_numwidth":2,
			"align":"center"
		},
		{
			"widget": "text",
			"type" : "day",
			"serial_number":3,
			"x": 266,
			"y": 56,
			"w": 48,
			"h": 30,
			"fontnum":10,
			"font":"Fade_Date",
			"enable_font":0,
			"min_numwidth":2,
			"align":"center"
		},
		{
			"widget": "array",
			"type" : "week",
			"serial_number":11,
			"x": 166,
			"y": 56,
			"w": 92,
			"h": 30,
			"count":7,
			"array_img":"Fade_Week",
			"enable_font":0,
			"min_numwidth":2,
			"align":"center"
		}
	]
}
