{
    "item": [
      {
        "name": "Data",
        "format": "png"
      },
	  {
        "name": "Date",
        "format": "png"
      },
	  {
        "name": "Hours",
        "format": "png"
      },
	  {
        "name": "Icon",
        "format": "png"
      },
	  {
        "name": "Min",
        "format": "png"
      },
	  {
        "name": "Week",
        "format": "png"
      },
	  {
        "name": "Progress",
        "format": "png"
      }
    ],
	"fade_item": [
    {
		"name": "Fade/Date",
		"format": "png"
	},
	{
		"name": "Fade/Hours",
		"format": "png"
	},
	{
		"name": "Fade/Min",
		"format": "png"
	},
	{
		"name": "Fade/Week",
		"format": "png"
	}
	]
 }
  