{
 "frame_version":1,
  "dial_version":0,
  "name": "photo",
  "preview":"preview_0565.bmp",
  "dial_type":6,
  "resolution_ratio":"466x466",
  "platform":"ats3085c",
  "size":300,
  "compress_size":0,
  "enable_pic_compress":0,
  "describe_name":"My Photo",
	"item": [
		{
			"widget": "array",
			"type" : "background",
			"serial_number":30,
			"x": 0,
			"y": 0,
			"w": 466,
			"h": 466,
			"enable_click":1, 
			"count":1,
			"picture":"background_0_0565.png",
			"array_img":"background",
			"position_list":[3],
			"color_list":["#D6B48C"]
		},
		{
			"widget": "text",
			"type" : "day",
			"serial_number":3,
			"x": 259,
			"y": 49,
			"w": 48,
			"h": 30,
			"fontnum":10,
			"font":"Date",
			"enable_font":0,
			"min_numwidth":2,
			"align":"center",
            "color":"#D6B48C"
		},
		{
			"widget": "array",
			"type" : "week",
			"serial_number":11,
			"x": 159,
			"y": 49,
			"w": 92,
			"h": 30,
			"count":7,
			"array_img":"Week",
			"enable_font":0,
			"min_numwidth":2,
			"align":"center",
            "color":"#D6B48C"
		},
		{
			"widget": "text",
			"type" : "time",
			"serial_number":13,
			"x": 126,
			"y": 97,
			"w": 214,
			"h": 60,
			"fontnum":11,
			"font":"Time",
			"enable_font":0,
			"min_numwidth":2,
			"align":"center",
            "color":"#D6B48C"
		}
	],
	"fade_item": [
		{
			"widget": "text",
			"type" : "time",
			"serial_number":13,
			"x": 126,
			"y": 97,
			"w": 214,
			"h": 60,
			"fontnum":11,
			"font":"Fade_Time",
			"enable_font":0,
			"min_numwidth":2,
			"align":"center"
		},
		{
			"widget": "text",
			"type" : "day",
			"serial_number":3,
			"x": 259,
			"y": 49,
			"w": 48,
			"h": 30,
			"fontnum":10,
			"font":"Fade_Date",
			"enable_font":0,
			"min_numwidth":2,
			"align":"center"
		},
		{
			"widget": "array",
			"type" : "week",
			"serial_number":11,
			"x": 159,
			"y": 49,
			"w": 92,
			"h": 30,
			"count":7,
			"array_img":"Fade_Week",
			"enable_font":0,
			"min_numwidth":2,
			"align":"center"
		}
	]
		
}
