{
  "frame_version": 10,
  "dial_version": 14,
  "preview": "preview_0565.bmp",
  "dial_type": 1,
  "size": 256,
  "enable_pic_compress": 1,
  "app_preview": "app_preview.png",
  "name": "CW06G_TITAD101_01",
  "resolution_ratio": "466x466",
  "platform": "ats3085c",
  "item": [
    {
      "widget": "icon",
      "type": "background",
      "x": 0,
      "y": 0,
      "w": 466,
      "h": 466,
      "picture": "Bg_0565.bmp"
    },
    {
      "widget": "icon",
      "type": "other",
      "x": 205,
      "y": 41,
      "w": 56,
      "h": 56,
      "picture": "Logo_8888.png",
      "color": "#0AFDA8"
    },
    {
      "widget": "array",
      "type": "bluetooth",
      "x": 112,
      "y": 53,
      "w": 32,
      "h": 32,
      "count": 2,
      "array_img": "Bluetooth",
      "color": "#0AFDA8"
    },
    {
      "widget": "array",
      "type": "batarray",
      "x": 308,
      "y": 49,
      "w": 40,
      "h": 40,
      "count": 11,
      "array_img": "Battery"
    },
    {
      "widget": "text",
      "type": "time",
      "x": 40,
      "y": 118,
      "w": 244,
      "h": 100,
      "font": "Time",
      "fontnum": 11,
      "color": "#0AFDA8",
      "min_numwidth": 2,
      "unit_count": 10
    },
    {
      "widget": "array",
      "type": "apm",
      "x": 285,
      "y": 118,
      "w": 52,
      "h": 36,
      "count": 3,
      "array_img": "apm",
      "color": "#0AFDA8",
      "display_opa": 80
    },
    {
      "widget": "text",
      "type": "day",
      "x": 49,
      "y": 264,
      "w": 32,
      "h": 36,
      "font": "Data",
      "fontnum": 10,
      "color": "#0AFDA8",
      "display_opa": 80,
      "min_numwidth": 2
    },
    {
      "widget": "array",
      "type": "month",
      "x": 87,
      "y": 264,
      "w": 68,
      "h": 36,
      "count": 12,
      "array_img": "Month",
      "color": "#0AFDA8",
      "display_opa": 80
    },
    {
      "widget": "array",
      "type": "week",
      "x": 47,
      "y": 309,
      "w": 68,
      "h": 36,
      "count": 7,
      "array_img": "Week",
      "color": "#0AFDA8",
      "display_opa": 80
    },
    {
      "widget": "array",
      "type": "calorie",
      "x": 153,
      "y": 230,
      "w": 160,
      "h": 172,
      "count": 11,
      "array_img": "DataP",
      "color": "#0AFDA8"
    },
    {
      "widget": "array",
      "type": "step",
      "x": 298,
      "y": 147,
      "w": 160,
      "h": 172,
      "count": 11,
      "array_img": "DataP",
      "color": "#0AFDA8"
    },
    {
      "widget": "icon",
      "type": "other",
      "x": 201,
      "y": 280,
      "w": 64,
      "h": 72,
      "picture": "Calorie_8888.png",
      "color": "#0AFDA8"
    },
    {
      "widget": "icon",
      "type": "other",
      "x": 346,
      "y": 197,
      "w": 64,
      "h": 72,
      "picture": "Step_8888.png",
      "color": "#0AFDA8"
    },
    {
      "widget": "text",
      "type": "calorie",
      "x": 201,
      "y": 410,
      "w": 62,
      "h": 32,
      "font": "Data",
      "fontnum": 10,
      "color": "#0AFDA8",
      "display_opa": 80,
      "align": "center",
      "min_numwidth": 1
    },
    {
      "widget": "text",
      "type": "step",
      "x": 343,
      "y": 317,
      "w": 70,
      "h": 32,
      "font": "Slim",
      "fontnum": 10,
      "color": "#0AFDA8",
      "display_opa": 80,
      "align": "center",
      "min_numwidth": 1
    }
  ],
  "fade_item": [
    {
      "widget": "text",
      "type": "time",
      "x": 40,
      "y": 118,
      "w": 244,
      "h": 100,
      "font": "Fade_Time",
      "fontnum": 11,
      "min_numwidth": 2,
      "unit_count": 10
    },
    {
      "widget": "icon",
      "type": "other",
      "x": 205,
      "y": 41,
      "w": 56,
      "h": 56,
      "picture": "Logo_8888.png"
    }
  ]
}