{
  "item": [
    {
      "name": "apm",
      "format": "png"
    },
	{
      "name": "Battery",
      "format": "png"
    },
 {
      "name": "Bluetooth",
      "format": "png"
  },
	{
      "name": "Data",
      "format": "png"
    },	
	{
      "name": "DataP",
      "format": "png"
    },
	{
      "name": "Month",
      "format": "png"
    },
	{
      "name": "Slim",
      "format": "png"
    },
	{
      "name": "Time",
      "format": "png"
    },
	{
      "name": "Week",
      "format": "png"
    }
  ],
  "fade_item": [
  	{
      "name": "Time",
      "format": "png"
    }
  ]
}